{"fcstd_filename": "mlaznicaCFD.FCStd", "D_inlet": 0.7235655372955583, "D_ulaz_mlaznice": 0.6952455372955583, "d_cooling_channels_inlet": 0.6942691441870427, "combustion_chamber_diameter": 0.6783291441870427, "promjer_grla_mlaznice": 190.95118405344078, "d_cooling_channels_throat": 0.19873118405344078, "D_cooling_channels_throat": 0.20211579867606444, "D_throat": 0.21035579867606444, "fi_revolve": 29.999999999999073, "fi_alu_stupnjevi": 1.1798286799079605, "fi_inlet_stupnjevi_ulaz": 13.820171320091577, "fi_inlet_stupnjevi_izlaz": 13.820171320091577, "channel_height": 0.036257735876506825, "CONVERGENT_NOZZLE_ANGLE": 45, "DIVERGENT_NOZZLE_ANGLE": 16.6}