{"fcstd_filename": "mlaznicaCFD.FCStd", "D_inlet": 0.14730750041454346, "D_ulaz_mlaznice": 0.14152750041454346, "d_cooling_channels_inlet": 0.13377621186978858, "combustion_chamber_diameter": 0.13069621186978858, "promjer_grla_mlaznice": 34.48463196279674, "d_cooling_channels_throat": 0.03688463196279674, "D_cooling_channels_throat": 0.05911374278785772, "D_throat": 0.06153374278785772, "fi_revolve": 29.999999999999993, "fi_alu_stupnjevi": 6.213512399513494, "fi_inlet_stupnjevi_ulaz": 8.786487600486502, "fi_inlet_stupnjevi_izlaz": 8.786487600486502, "channel_height": 0.005520619515401361, "CONVERGENT_NOZZLE_ANGLE": 45, "DIVERGENT_NOZZLE_ANGLE": 16.6, "Combustion_Chamber_Height": 0.1448354542437463, "Divergent_Nozzle_Length": 0.04356173738151622, "Convergent_Nozzle_Length": 0.043105789953495934}